CASILLERO,IDUSUARIO
MB001,8
MB002,9
MB003,10
MB004,11
MB005,12
MB010,13
MB011,14
MB012,15
MB013,16
MB014,17
MB016,18
MB027,19
MB030,20
MB031,21
MB032,22
MB034,23
MB035,24
MB036,25
MB037,26
MB038,27
MB039,28
MB040,29
MB041,30
MB043,31
MB044,32
MB045,33
MB046,34
MB048,35
MB049,36
MB050,37
MB051,38
MB052,39
MB053,40
MB054,41
MB055,42
MB056,43
MB057,44
MB058,45
MB059,46
MB060,47
MB061,48
MB062,49
MB063,50
MB064,51
MB065,52
MB066,53
MB067,54
MB081,55
MB083,56
MB093,57
MB094,58
MB096,59
MB098,60
MB103,61
MB109,62
MB111,63
MB112,64
MB113,65
MB114,66
MB116,67
MB118,68
MB121,69
MB122,70
MB123,71
MB124,72
MB125,73
MB126,74
MB127,75
MB129,76
MB130,77
MB131,78
MB131,79
MB132,80
MB133,81
MB134,82
MB135,83
MB137,84
MB138,85
MB139,86
MB140,87
MB141,88
MB142,89
MB143,90
MB144,91
MB145,92
MB146,93
MB147,94
MB148,95
MB149,96
MB150,97
MB151,98
MB152,99
MB153,100
MB154,101
MB155,102
MB156,103
MB157,104
MB158,105
MB159,106
MB160,107
MB161,108
MB162,109
MB163,110
MB164,111
MB165,112
MB166,113
MB167,114
MB168,115
MB169,116
MB170,117
MB171,118
MB172,119
MB173,120
MB174,121
MB175,122
MB176,123
MB177,124
MB178,125
MB179,126
MB180,127
MB181,128
MB182,129
MB183,130
MB184,131
MB185,132
MB186,133
MB188,134
MB189,135
MB191,136
MB192,137
MB193,138
MB194,139
MB195,140
MB196,141
MB197,142
MB198,143
MB199,144
MB200,145
MB201,146
MB202,147
MB203,148
MB204,149
MB205,150
MB207,151
MB208,152
MB209,153
MB210,154
MB211,155
MB212,156
MB213,157
MB214,158
MB215,159
MB216,160
MB217,161
MB218,162
MB219,163
MB220,164
MB221,165
MB222,166
MB223,167
MB224,168
MB225,169
MB226,170
MB227,171
MB228,172
MB229,173
MB230,174
MB231,175
MB232,176
MB233,177
MB234,178
MB235,179
MB236,180
MB237,181
MB238,182
MB239,183
MB240,184
MB241,185
MB242,186
MB243,187
MB244,188
MB245,189
MB246,190
MB247,191
MB248,192
MB249,193
MB250,194
MB251,195
MB252,196
MB253,197
MB254,198
MB255,199
MB256,200
MB257,201
MB258,202
MB260,203
MB261,204
MB262,205
MB263,206
MB264,207
MB265,208
MB266,209
MB267,210
MB268,211
MB269,212
MB270,213
MB271,214
MB272,215
MB273,216
MB274,217
MB275,218
MB276,219
MB279,220
MB280,221
MB281,222
MB282,223
MB283,224
MB284,225
MB285,226
MB286,227
MB287,228
MB288,229
MB289,230
MB290,231
MB291,232
MB292,233
MB293,234
MB294,235
MB295,236
MB296,237
MB297,238
MB298,239
MB299,240
MB300,241
MB301,242
MB302,243
MB303,244
MB304,245
MB305,246
MB306,247
MB307,248
MB308,249
MB309,250
MB310,251
MB311,252
MB312,253
MB313,254
MB314,255
MB315,256
MB316,257
MB317,258
MB318,259
MB319,260
MB320,261
MB321,262
MB322,263
MB323,264
MB324,265
MB325,266
MB326,267
MB327,268
MB328,269
MB329,270
MB330,271
MB331,272
MB332,273
MB333,274
MB334,275
MB335,276
MB336,277
MB337,278
MB338,279
MB339,280
MB340,281
MB341,282
MB342,283
MB343,284
MB344,285
MB345,286
MB346,287
MB347,288
MB348,289
MB349,290
MB350,291
MB351,292
MB352,293
MB353,294
MB354,295
MB355,296
MB356,297
MB357,298
MB358,299
MB359,300
MB360,301
MB361,302
MB362,303
MB363,304
MB364,305
MB365,306
MB366,307
MB367,308
MB368,309
MB369,310
MB370,311
MB371,312
MB372,313
MB373,314
MB374,315
MB375,316
MB376,317
MB377,318
MB378,319
MB379,320
MB380,321
MB381,322
MB382,323
MB383,324
MB384,325
MB385,326
MB386,327
MB387,328
MB388,329
MB389,330
MB390,331
MB391,332
MB392,333
MB393,334
MB394,335
MB395,336
MB396,337
MB397,338
MB398,339
MB399,340
MB400,341
MB401,342
MB402,343
MB403,344
MB404,345
MB405,346
MB406,347
MB407,348
MB408,349
MB409,350
MB410,351
MB411,352
MB412,353
MB415,354
MB416,355
MB417,356
MB418,357
MB419,358
MB420,359
MB421,360
MB422,361
MB423,362
MB424,363
MB425,364
MB426,365
MB427,366
MB428,367
MB429,368
MB430,369
MB431,370
MB432,371
MB433,372
MB434,373
MB435,374
MB436,375
MB437,376
MB438,377
MB439,378
MB440,379
MB441,380
MB442,381
MB443,382
MB444,383
MB445,384
MB446,385
MB447,386
MB448,387
MB449,388
MB450,389
MB451,390
MB452,391
MB453,392
MB454,393
MB455,394
MB456,395
MB457,396
MB458,397
MB459,398
MB460,399
MB461,400
MB462,401
MB463,402
MB464,403
MB465,404
MB466,405
MB467,406
MB468,407
MB469,408
MB470,409
MB471,410
MB472,411
MB473,412
MB474,413
MB475,414
MB476,415
MB477,416
MB478,417
MB479,418
MB480,419
MB481,420
MB482,421
MB483,422
MB484,423
MB485,424
MB486,425
MB487,426
MB488,427
MB489,428
MB490,429
MB491,430
MB492,431
MB493,432
MB494,433
MB495,434
MB496,435
MB497,436
MB498,437
MB499,438
MB501,439
MB502,440
MB503,441
MB504,442
MB505,443
MB506,444
MB507,445
MB508,446
MB509,447
MB510,448
MB512,449
MB513,450
MB514,451
MB515,452
MB516,453
MB517,454
MB518,455
MB519,456
MB520,457
MB521,458
MB522,459
MB523,460
MB524,461
MB525,462
MB526,463
MB527,464
MB528,465
MB529,466
MB530,467
MB533,468
MB532,469
MB533,470
MB534,471
MB535,472
MB536,473
MB537,474
MB538,475
MB539,476
MB540,477
MB541,478
MB542,479
MB543,480
MB544,481
MB545,482
MB546,483
MB547,484
MB548,485
MB549,486
MB550,487
MB551,488
MB552,489
MB553,490
MB554,491
MB555,492
MB556,493
MB557,494
MB558,495
MB559,496
MB560,497
MB561,498
MB562,499
MB563,500
MB564,501
MB565,502
MB566,503
MB567,504
MB568,505
MB569,506
MB570,507
MB571,508
MB572,509
MB573,510
MB574,511
MB575,512
MB576,513
MB577,514
MB578,515
MB579,516
MB580,517
MB581,518
MB582,519
MB583,520
MB584,521
MB585,522
MB586,523
MB587,524
MB588,525
MB589,526
MB590,527
MB591,528
MB592,529
MB593,530
MB594,531
MB595,532
MB596,533
MB597,534
MB598,535
MB599,536
MB600,537
MB601,538
MB602,539
MB603,540
MB604,541
MB605,542
MB606,543
MB607,544
MB608,545
MB609,546
MB610,547
MB611,548
MB612,549
MB613,550
MB614,551
MB615,552
MB616,553
MB617,554
MB618,555
MB619,556
MB620,557
MB621,558
MB622,559
MB623,560
MB624,561
MB625,562
MB626,563
MB627,564
MB628,565
MB629,566
MB630,567
MB631,568
MB632,569
MB633,570
MB634,571
MB635,572
MB636,573
MB637,574
MB638,575
MB639,576
MB640,577
MB641,578
MB642,579
MB643,580
MB644,581
MB645,582
MB646,583
MB647,584
MB648,585
MB649,586
MB650,587
MB651,588
MB652,589
MB653,590
MB654,591
MB655,592
MB656,593
MB657,594
MB658,595
MB659,596
MB660,597
MB661,598
MB662,599
MB663,600
MB664,601
MB665,602
MB666,603
MB667,604
MB668,605
MB669,606
MB670,607
MB671,608
MB672,609
MB673,610
MB674,611
MB675,612
MB676,613
MB677,614
MB678,615
MB679,616
MB680,617
MB681,618
MB682,619
MB683,620
MB684,621
MB685,622
MB686,623
MB687,624
MB688,625
MB689,626
MB690,627
MB691,628
MB692,629
MB693,630
MB694,631
MB695,632
MB696,633
MB697,634
MB698,635
MB699,636
MB700,637
MB701,638
MB702,639
MB703,640
MB704,641
MB705,642
MB706,643
MB707,644
MB708,645
MB709,646
MB710,647
MB711,648
MB712,649
MB713,650
MB714,651
MB715,652
MB716,653
MB717,654
MB718,655
MB719,656
MB721,657
MB722,658
MB723,659
MB724,660
MB725,661
MB726,662
MB727,663
MB728,664
MB729,665
MB730,666
MB731,667
MB732,668
MB733,669
MB734,670
MB735,671
MB736,672
MB737,673
MB738,674
MB739,675
MB740,676
MB741,677
MB742,678
MB743,679
MB744,680
MB745,681
MB746,682
MB747,683
MB748,684
MB749,685
MB750,686
MB751,687
MB752,688
MB753,689
MB754,690
MB755,691
MB756,692
MB757,693
MB758,694
MB759,695
MB760,696
MB761,697
MB762,698
MB763,699
MB764,700
MB765,701
MB766,702
MB767,703
MB768,704
MB769,705
MB770,706
MB771,707
MB772,708
MB773,709
MB774,710
MB775,711
MB776,712
MB777,713
MB778,714
MB779,715
MB780,716
MB781,717
MB782,718
MB783,719
MB784,720
MB785,721
MB786,722
MB787,723
MB788,724
MB789,725
MB790,726
MB791,727
MB792,728
MB793,729
MB794,730
MB795,731
MB796,732
MB797,733
MB798,734
MB799,735
MB800,736
MB801,737
MB802,738
MB803,739
MB804,740
MB805,741
MB806,742
MB807,743
MB808,744
MB809,745
MB810,746
MB811,747
MB812,748
MB813,749
MB814,750
MB815,751
MB816,752
MB817,753
MB818,754
MB819,755
MB820,756
MB821,757
MB822,758
MB823,759
MB824,760
MB825,761
MB826,762
MB827,763
MB828,764
MB829,765
MB830,766
MB831,767
MB832,768
MB833,769
MB834,770
MB835,771
MB836,772
MB837,773
MB838,774
MB839,775
MB840,776
MB841,777
MB842,778
MB843,779
MB844,780
MB845,781
MB846,782
MB847,783
MB848,784
MB849,785
MB850,786
MB851,787
MB852,788
MB853,789
MB854,790
MB855,791
MB856,792
MB857,793
MB858,794
MB859,795
MB860,796
MB861,797
MB862,798
MB863,799
MB864,800
MB865,801
MB866,802
MB867,803
MB868,804
MB869,805
MB870,806
MB871,807
MB872,808
MB873,809
MB874,810
MB875,811
MB876,812
MB877,813
MB878,814
MB879,815
MB880,816
MB881,817
MB882,818
MB883,819
MB884,820
MB885,821
MB886,822
MB887,823
MB888,824
MB889,825
MB890,826
MB891,827
MB892,828
MB893,829
MB894,830
MB895,831
MB896,832
MB897,833
MB898,834
MB899,835
MB900,836
MB901,837
MB902,838
MB903,839
MB904,840
MB905,841
MB906,842
MB907,843
MB908,844
MB909,845
MB910,846
MB911,847
MB912,848
MB913,849
MB914,850
MB915,851
MB916,852
MB917,853
MB918,854
MB919,855
MB920,856
MB921,857
MB922,858
MB923,859
MB924,860
MB925,861
MB926,862
MB927,863
MB928,864
MB929,865
MB930,866
MB931,867
MB932,868
MB933,869
MB934,870
MB935,871
MB936,872
MB937,873
MB938,874
MB939,875
MB940,876
MB941,877
MB943,878
MB944,879
MB945,880
MB946,881
MB947,882
MB948,883
MB949,884
MB950,885
MB951,886
MB952,887
MB953,888
MB954,889
MB955,890
MB956,891
MB957,892
MB958,893
MB959,894
MB960,895
MB961,896
MB962,897
MB963,898
MB964,899
MB965,900
MB966,901
MB967,902
MB968,903
MB969,904
MB970,905
MB971,906
MB972,907
MB973,908
MB974,909
MB975,910
MB976,911
MB977,912
MB978,913
MB979,914
MB980,915
MB981,916
MB982,917
MB983,918
MB984,919
MB985,920
MB986,921
MB987,922
MB988,923
MB989,924
MB990,925
MB991,926
MB992,927
MB993,928
MB994,929
MB995,930
MB996,931
MB997,932
MB998,933
MB999,934
MB1000,935
MB1001,936
MB1002,937
MB1003,938
MB1004,939
MB1005,940
MB1006,941
MB1007,942
MB1008,943
MB1009,944
MB1010,945
MB1011,946
MB1012,947
MB1013,948
MB1014,949
MB1015,950
MB1016,951
MB1017,952
MB1018,953
MB1019,954
MB1020,955
MB1021,956
MB1022,957
MB1023,958
MB1024,959
MB1025,960
MB1026,961
MB1027,962
MB1028,963
MB1029,964
MB1030,965
MB1031,966
MB1032,967
MB1033,968
MB1034,969
MB1035,970
MB1036,971
MB1037,972
MB1038,973
MB1039,974
MB1040,975
MB1041,976
MB1042,977
MB1043,978
MB1044,979
MB1045,980
MB1046,981
MB1045,982
MB1046,983
MB1047,984
MB1049,985
MB1050,986
MB1051,987
MB1052,988
MB1053,989
MB1054,990
MB1055,991
MB1056,992
MB1057,993
MB1058,994
MB1059,995
MB1060,996
MB1061,997
MB1062,998
MB1063,999
MB1064,1000
MB1065,1001
MB1066,1002
MB1067,1003
MB1068,1004
MB1069,1005
MB1070,1006
MB1071,1007
MB1072,1008
MB1073,1009
MB1074,1010
MB1075,1011
MB1076,1012
MB1077,1013
MB1078,1014
MB1079,1015
MB1080,1016
MB1081,1017
MB1082,1018
MB1083,1019
MB1084,1020
MB1085,1021
MB1086,1022
MB1087,1023
MB1088,1024
MB1089,1025
MB1090,1026
MB1091,1027
MB1092,1028
MB1093,1029
MB1094,1030
MB1095,1031
MB1096,1032
MB1097,1033
MB1098,1034
MB1099,1035
MB1100,1036
MB1101,1037
MB1102,1038
MB1103,1039
MB1104,1040
MB1105,1041
MB1106,1042
MB1107,1043
MB1108,1044
MB1109,1045
MB1110,1046
MB1111,1047
MB1112,1048
MB1113,1049
MB1114,1050
MB1115,1051
MB1116,1052
MB1118,1053
MB1119,1054
MB1120,1055
MB1121,1056
MB1122,1057
MB1123,1058
MB1124,1059
MB1125,1060
MB1126,1061
MB1127,1062
MB1128,1063
MB1129,1064
MB1130,1065
MB1131,1066
MB1132,1067
MB1133,1068
MB1134,1069
MB1135,1070
MB1136,1071
MB1137,1072
MB1138,1073
MB1139,1074
MB1140,1075
MB1141,1076
MB1142,1077
MB1143,1078
MB1144,1079
MB1145,1080
MB1146,1081
MB1147,1082
MB1148,1083
MB1149,1084
MB1150,1085
MB1151,1086
MB1152,1087
MB1153,1088
MB1154,1089
MB1155,1090
MB1156,1091
MB1157,1092
MB1158,1093
MB1159,1094
MB1160,1095
MB1161,1096
MB1162,1097
MB1163,1098
MB1164,1099
MB1165,1100
MB1166,1101
MB1167,1102
MB1168,1103
MB1169,1104
MB1170,1105
MB1171,1106
MB1172,1107
MB1173,1108
MB1174,1109
MB1175,1110
MB1176,1111
MB1177,1112
MB1178,1113
MB1179,1114
MB1180,1115
MB1181,1116
MB1182,1117
MB1183,1118
MB1184,1119
MB1185,1120
MB1186,1121
MB1187,1122
MB1188,1123
MB1189,1124
MB1190,1125
MB1191,1126
MB1192,1127
MB1193,1128
MB1194,1129
MB1195,1130
MB1196,1131
MB1197,1132
MB1198,1133
MB1199,1134
MB1200,1135
MB1201,1136
MB1202,1137
MB1203,1138
MB1204,1139
MB1205,1140
MB1206,1141
MB1207,1142
MB1208,1143
MB1209,1144
MB1210,1145
MB1211,1146
MB1212,1147
MB1213,1148
MB1214,1149
MB1215,1150
MB1216,1151
MB1217,1152
MB1218,1153
MB1219,1154
MB1220,1155
MB1221,1156
MB1222,1157
MB1223,1158
MB1224,1159
MB1225,1160
MB1226,1161
MB1227,1162
MB1228,1163
MB1229,1164
MB1230,1165
MB1231,1166
MB1232,1167
MB1233,1168
MB1234,1169
MB1235,1170
MB1236,1171
MB1237,1172
MB1238,1173
MB1239,1174
MB1240,1175
MB1241,1176
MB1242,1177
MB1243,1178
MB1244,1179
MB1245,1180
MB1246,1181
MB1247,1182
MB1248,1183
MB1249,1184
MB1250,1185
MB1251,1186
MB1252,1187
MB1253,1188
MB1254,1189
MB1255,1190
MB1256,1191
MB1257,1192
MB1258,1193
MB1260,1194
MB1261,1195
MB1262,1196
MB1263,1197
MB1264,1198
MB1265,1199
MB1266,1200
MB1267,1201
MB1268,1202
MB1269,1203
MB1270,1204
MB1271,1205
